<?xml version="1.0" encoding="UTF-8"?>
<beans xmlns="http://www.springframework.org/schema/beans"
	xmlns:context="http://www.springframework.org/schema/context"
	xmlns:p="http://www.springframework.org/schema/p" 
	xmlns:aop="http://www.springframework.org/schema/aop"
    xmlns:tx="http://www.springframework.org/schema/tx"
	xmlns:xsi="http://www.w3.org/2001/XMLSchema-instance"
	xsi:schemaLocation="http://www.springframework.org/schema/beans http://www.springframework.org/schema/beans/spring-beans-4.0.xsd
	http://www.springframework.org/schema/context http://www.springframework.org/schema/context/spring-context-4.0.xsd
	http://www.springframework.org/schema/aop http://www.springframework.org/schema/aop/spring-aop-4.0.xsd http://www.springframework.org/schema/tx http://www.springframework.org/schema/tx/spring-tx-4.0.xsd
	http://www.springframework.org/schema/util http://www.springframework.org/schema/util/spring-util-4.0.xsd">

	<!-- 启用替换参数占位符功能，并且进行扩展，可以在spring管理bean中使用@PropertyConfig引入参数 -->
	<bean class="cn.itcast.crawler.spring.ExtendedPropertyPlaceholderConfigurer">
		<property name="systemPropertiesModeName" value="SYSTEM_PROPERTIES_MODE_OVERRIDE" />
		<property name="ignoreResourceNotFound" value="true" />
		<property name="locations">
			<list>
				<!-- 标准配置 -->
				<value>classpath:jdbc.properties</value>
				<value>classpath:httpclient.properties</value>
				<value>classpath:env.properties</value>
			</list>
		</property>
	</bean>

	<bean id="dataSource" class="com.alibaba.druid.pool.DruidDataSource"
		init-method="init" destroy-method="close">
		<!-- 数据库驱动 -->
		<property name="driverClassName" value="${jdbc.driverClassName}" />
		<!-- 基本属性 url、user、password -->
		<property name="url" value="${jdbc.url}" />
		<property name="username" value="${jdbc.username}" />
		<property name="password" value="${jdbc.password}" />

		<!-- 配置初始化大小、最小、最大 -->
		<property name="initialSize" value="10" />
		<property name="minIdle" value="5" />
		<property name="maxActive" value="50" />

		<!-- 配置获取连接等待超时的时间 -->
		<property name="maxWait" value="60000" />

		<!-- 配置间隔多久才进行一次检测，检测需要关闭的空闲连接，单位是毫秒 -->
		<property name="timeBetweenEvictionRunsMillis" value="60000" />

		<!-- 配置一个连接在池中最小生存的时间，单位是毫秒 -->
		<property name="minEvictableIdleTimeMillis" value="300000" />

		<property name="validationQuery" value="SELECT 1" />
		<property name="testWhileIdle" value="true" />
		<property name="testOnBorrow" value="false" />
		<property name="testOnReturn" value="false" />

		<!-- 打开PSCache，并且指定每个连接上PSCache的大小 -->
		<!-- 如果用Oracle，则把poolPreparedStatements配置为true，mysql可以配置为false。分库分表较多的数据库，建议配置为false。 -->
		<property name="poolPreparedStatements" value="false" />
		<property name="maxPoolPreparedStatementPerConnectionSize"
			value="20" />

		<!-- 配置监控统计拦截的filters -->
		<property name="filters" value="stat" />
	</bean>

	<!--自动扫描base-package下面的所有的java类,看看是否配置了annotation -->
	<context:component-scan base-package="cn.itcast.crawler" />
	
	<!-- 定义Mybatis的SessionFactory -->
	<bean id="sqlSessionFactory" class="org.mybatis.spring.SqlSessionFactoryBean">
        <property name="dataSource" ref="dataSource" />
        <property name="typeAliasesPackage" value="cn.itcast.crawler.pojo" />
        <property name="configLocation" value="classpath:mybatis/mybatis-config.xml" />
        <property name="mapperLocations" value="classpath:mybatis/mappers/**/*.xml" />
    </bean>

    <!-- 扫描指定包下面的Mapper，并且自动注入到bean中 -->
    <bean class="org.mybatis.spring.mapper.MapperScannerConfigurer">
        <property name="basePackage" value="cn.itcast.crawler.mapper" />
    </bean>

</beans>
