<?xml version="1.0" encoding="UTF-8"?>
<assembly>
	<id>bin</id>
	<includeBaseDirectory>false</includeBaseDirectory>
	<formats>
		<format>tar</format>
	</formats>
	<dependencySets>
		<dependencySet>
			<useProjectArtifact>false</useProjectArtifact>
			<outputDirectory>lib</outputDirectory>
		</dependencySet>
	</dependencySets>
	<fileSets>
		<fileSet>
			<directory>src/main/resources</directory>
			<outputDirectory>/config</outputDirectory>
			<filtered>true</filtered>
		</fileSet>
		<fileSet>
			<directory>src/main/scripts</directory>
			<outputDirectory>/bin</outputDirectory>
			<includes>
				<include>handler.sh</include>
			</includes>
			<lineEnding>unix</lineEnding>
			<filtered>true</filtered>
		</fileSet>
		<fileSet>
			<directory>${publish}</directory>
			<outputDirectory>/</outputDirectory>
			<includes>
				<include>*.jar</include>
			</includes>
		</fileSet>
	</fileSets>
</assembly>